USE skynet;

INSERT INTO pasajero(dni, nombre, apellido, fecha_nac, telefono, email, nacionalidad) VALUES('11077811','Jose','Alfonso','1940-03-20','45124112','jose.alfonso@gmail.com','argentina'); 
INSERT INTO pasajero(dni, nombre, apellido, fecha_nac, telefono, email, nacionalidad) VALUES('17098000','Juan','Perez','1944-07-21','42111132','juan.perez@gmail.com','argentina');
INSERT INTO pasajero(dni, nombre, apellido, fecha_nac, telefono, email, nacionalidad) VALUES('16811232','Sofia','Martinez','1947-04-28','47900123','sofia.martinez@gmail.com','argentina');
INSERT INTO pasajero(dni, nombre, apellido, fecha_nac, telefono, email, nacionalidad) VALUES('27377911','Romina','Paez','1980-03-29','47891212','romina.paez@gmail.com','argentina'); 
INSERT INTO pasajero(dni, nombre, apellido, fecha_nac, telefono, email, nacionalidad) VALUES('12477811','Yanina','Ochoa','1990-04-21','45724612','yanina.ochoa@gmail.com','argentina'); 
INSERT INTO pasajero(dni, nombre, apellido, fecha_nac, telefono, email, nacionalidad) VALUES('25077811','Carla','Fraga','1976-03-20','48819090','carla.fraga@gmail.com','argentina'); 
INSERT INTO pasajero(dni, nombre, apellido, fecha_nac, telefono, email, nacionalidad) VALUES('31077811','Julieta','Fernandez','1987-03-20','47801227','julieta.fernandez@gmail.com','argentina');
INSERT INTO pasajero(dni, nombre, apellido, fecha_nac, telefono, email, nacionalidad) VALUES('11566110','Juan','Roma','1940-03-20','46721120','juan.roma@gmail.com','argentina'); 
INSERT INTO pasajero(dni, nombre, apellido, fecha_nac, telefono, email, nacionalidad) VALUES('21077811','Mirta','Gomez','1970-07-20','47189127','mirta.gomez@gmail.com','argentina'); 
INSERT INTO pasajero(dni, nombre, apellido, fecha_nac, telefono, email, nacionalidad) VALUES('18076112','Vanesa','Espindola','1960-09-20','46105112','vanesa.espindola@gmail.com','argentina');
INSERT INTO pasajero(dni, nombre, apellido, fecha_nac, telefono, email, nacionalidad) VALUES('32000811','Armando','Diaz','1993-08-20','46707001','armando.diaz@gmail.com','argentina'); 
INSERT INTO pasajero(dni, nombre, apellido, fecha_nac, telefono, email, nacionalidad) VALUES('27022100','Mirna','Campos','1990-10-21','47111320','mirna.campos@gmail.com','argentina');
INSERT INTO pasajero(dni, nombre, apellido, fecha_nac, telefono, email, nacionalidad) VALUES('26817232','Claudia','Suarez','1987-11-28','46547000','claudia.suarez@gmail.com','argentina');
INSERT INTO pasajero(dni, nombre, apellido, fecha_nac, telefono, email, nacionalidad) VALUES('27907911','Jose','Montes','1987-03-29','47891100','jose.montes@gmail.com','argentina'); 
INSERT INTO pasajero(dni, nombre, apellido, fecha_nac, telefono, email, nacionalidad) VALUES('9477911','Carina','Prieto','1990-04-22','47688889','carina.prieto@gmail.com','argentina'); 
INSERT INTO pasajero(dni, nombre, apellido, fecha_nac, telefono, email, nacionalidad) VALUES('24055811','Julian','Safe','1976-07-22','46543232','julian.safe@gmail.com','argentina'); 
INSERT INTO pasajero(dni, nombre, apellido, fecha_nac, telefono, email, nacionalidad) VALUES('32177001','Liliana','Estevez','1987-10-21','47719092','liliana.estevez@gmail.com','argentina');
INSERT INTO pasajero(dni, nombre, apellido, fecha_nac, telefono, email, nacionalidad) VALUES('10186110','Maria','Romero','1940-06-25','47700788','maria.romero@gmail.com','argentina'); 
INSERT INTO pasajero(dni, nombre, apellido, fecha_nac, telefono, email, nacionalidad) VALUES('22770811','Pablo','Ledesma','1970-11-23','47100044','pablo.ledesma@gmail.com','argentina'); 
INSERT INTO pasajero(dni, nombre, apellido, fecha_nac, telefono, email, nacionalidad) VALUES('19175127','Sofia','Clericci','1960-05-16','49901011','sofia.clericci@gmail.com','argentina');
INSERT INTO pasajero(dni, nombre, apellido, fecha_nac, telefono, email, nacionalidad) VALUES('11555811','Melina','Melo','1940-08-11','46577070','melina.melo@gmail.com','argentina'); 
INSERT INTO pasajero(dni, nombre, apellido, fecha_nac, telefono, email, nacionalidad) VALUES('17120017','Natalia','Roa','1944-09-21','42121032','natalia.roa@gmail.com','argentina');
INSERT INTO pasajero(dni, nombre, apellido, fecha_nac, telefono, email, nacionalidad) VALUES('16800202','Rocio','Delgado','1947-05-10','49918000','rocio.delgado@gmail.com','argentina');
INSERT INTO pasajero(dni, nombre, apellido, fecha_nac, telefono, email, nacionalidad) VALUES('24699901','Alicia','Cespedes','1981-03-13','47433321','alicia.cespedes@gmail.com','argentina'); 
INSERT INTO pasajero(dni, nombre, apellido, fecha_nac, telefono, email, nacionalidad) VALUES('12433191','Mariel','Gimenez','1990-06-14','45671010','mariel.gimenez@gmail.com','argentina'); 
INSERT INTO pasajero(dni, nombre, apellido, fecha_nac, telefono, email, nacionalidad) VALUES('25886777','Mariana','Gonzalez','1976-11-16','45677890','mariana.gonzalez@gmail.com','argentina'); 
INSERT INTO pasajero(dni, nombre, apellido, fecha_nac, telefono, email, nacionalidad) VALUES('31666771','Camila','Guevara','1987-09-23','43332121','camila.guevara@gmail.com','argentina');
INSERT INTO pasajero(dni, nombre, apellido, fecha_nac, telefono, email, nacionalidad) VALUES('11454710','Luciana','Salazar','1940-04-19','46501718','luciana.salazar@gmail.com','argentina'); 
INSERT INTO pasajero(dni, nombre, apellido, fecha_nac, telefono, email, nacionalidad) VALUES('21123134','Luisana','Lopilato','1970-12-23','43454121','luisana.lopilato@gmail.com','argentina'); 
INSERT INTO pasajero(dni, nombre, apellido, fecha_nac, telefono, email, nacionalidad) VALUES('18765567','Eugenia','Suarez','1960-12-11','45678139','eugenia.suarez@gmail.com','argentina');

INSERT INTO reserva(codigo_reserva, fecha_reserva, fecha_partida, estado, monto, dni, numero_vuelo, id_categoria) VALUES('1000', '2014-07-28', '2014-08-06', 2, 1200, '11077811', 70, 100);
INSERT INTO reserva(codigo_reserva, fecha_reserva, fecha_partida, estado, monto, dni, numero_vuelo, id_categoria) VALUES('1001', '2014-07-29', '2014-08-05', 2, 1200, '17098000', 136, 200);
INSERT INTO reserva(codigo_reserva, fecha_reserva, fecha_partida, estado, monto, dni, numero_vuelo, id_categoria) VALUES('1002', '2014-07-30', '2014-08-07', 2, 1200, '16811232', 207, 100);
INSERT INTO reserva(codigo_reserva, fecha_reserva, fecha_partida, estado, monto, dni, numero_vuelo, id_categoria) VALUES('1003', '2014-07-31', '2014-08-06', 2, 1200, '27377911', 70, 200);
INSERT INTO reserva(codigo_reserva, fecha_reserva, fecha_partida, estado, monto, dni, numero_vuelo, id_categoria) VALUES('1004', '2014-08-01', '2014-08-05', 2, 1200, '12477811', 136, 100);
INSERT INTO reserva(codigo_reserva, fecha_reserva, fecha_partida, estado, monto, dni, numero_vuelo, id_categoria) VALUES('1005', '2014-08-02', '2014-08-07', 2, 1200, '25077811', 207, 200);
INSERT INTO reserva(codigo_reserva, fecha_reserva, fecha_partida, estado, monto, dni, numero_vuelo, id_categoria) VALUES('1006', '2014-08-02', '2014-08-06', 2, 1200, '31077811', 70, 100);
INSERT INTO reserva(codigo_reserva, fecha_reserva, fecha_partida, estado, monto, dni, numero_vuelo, id_categoria) VALUES('1007', '2014-07-28', '2014-08-05', 0, 1200, '11566110', 136, 200);
INSERT INTO reserva(codigo_reserva, fecha_reserva, fecha_partida, estado, monto, dni, numero_vuelo, id_categoria) VALUES('1008', '2014-07-29', '2014-08-07', 2, 1200, '21077811', 207, 100);
INSERT INTO reserva(codigo_reserva, fecha_reserva, fecha_partida, estado, monto, dni, numero_vuelo, id_categoria) VALUES('1009', '2014-07-30', '2014-08-06', 2, 1200, '18076112', 70, 200);
INSERT INTO reserva(codigo_reserva, fecha_reserva, fecha_partida, estado, monto, dni, numero_vuelo, id_categoria) VALUES('1010', '2014-07-31', '2014-08-05', 0, 1200, '32000811', 136, 100);
INSERT INTO reserva(codigo_reserva, fecha_reserva, fecha_partida, estado, monto, dni, numero_vuelo, id_categoria) VALUES('1011', '2014-07-28', '2014-08-07', 2, 1200, '27022100', 207, 200);
INSERT INTO reserva(codigo_reserva, fecha_reserva, fecha_partida, estado, monto, dni, numero_vuelo, id_categoria) VALUES('1012', '2014-07-29', '2014-08-06', 2, 1200, '26817232', 70, 100);
INSERT INTO reserva(codigo_reserva, fecha_reserva, fecha_partida, estado, monto, dni, numero_vuelo, id_categoria) VALUES('1013', '2014-07-28', '2014-08-05', 0, 1200, '27907911', 136, 200);
INSERT INTO reserva(codigo_reserva, fecha_reserva, fecha_partida, estado, monto, dni, numero_vuelo, id_categoria) VALUES('1014', '2014-07-29', '2014-08-07', 2, 1200, '9477911', 207, 100);
INSERT INTO reserva(codigo_reserva, fecha_reserva, fecha_partida, estado, monto, dni, numero_vuelo, id_categoria) VALUES('1015', '2014-07-30', '2014-08-06', 2, 1200, '24055811', 70, 200);
INSERT INTO reserva(codigo_reserva, fecha_reserva, fecha_partida, estado, monto, dni, numero_vuelo, id_categoria) VALUES('1016', '2014-07-28', '2014-08-05', 0, 1200, '32177001', 136, 200);
INSERT INTO reserva(codigo_reserva, fecha_reserva, fecha_partida, estado, monto, dni, numero_vuelo, id_categoria) VALUES('1017', '2014-07-28', '2014-08-07', 2, 1200, '10186110', 207, 200);
INSERT INTO reserva(codigo_reserva, fecha_reserva, fecha_partida, estado, monto, dni, numero_vuelo, id_categoria) VALUES('1018', '2014-08-02', '2014-08-06', 2, 1200, '22770811', 70, 100);
INSERT INTO reserva(codigo_reserva, fecha_reserva, fecha_partida, estado, monto, dni, numero_vuelo, id_categoria) VALUES('1019', '2014-08-01', '2014-08-05', 0, 1200, '19175127', 136, 200);
INSERT INTO reserva(codigo_reserva, fecha_reserva, fecha_partida, estado, monto, dni, numero_vuelo, id_categoria) VALUES('1020', '2014-07-28', '2014-08-07', 2, 1200, '11555811', 207, 200);
INSERT INTO reserva(codigo_reserva, fecha_reserva, fecha_partida, estado, monto, dni, numero_vuelo, id_categoria) VALUES('1021', '2014-07-31', '2014-08-06', 2, 1200, '17120017', 70, 100);
INSERT INTO reserva(codigo_reserva, fecha_reserva, fecha_partida, estado, monto, dni, numero_vuelo, id_categoria) VALUES('1022', '2014-07-30', '2014-08-05', 0, 1200, '16800202', 136, 200);
INSERT INTO reserva(codigo_reserva, fecha_reserva, fecha_partida, estado, monto, dni, numero_vuelo, id_categoria) VALUES('1023', '2014-07-30', '2014-08-07', 2, 1200, '24699901', 207, 100);
INSERT INTO reserva(codigo_reserva, fecha_reserva, fecha_partida, estado, monto, dni, numero_vuelo, id_categoria) VALUES('1024', '2014-07-31', '2014-08-06', 2, 1200, '12433191', 70, 200);
INSERT INTO reserva(codigo_reserva, fecha_reserva, fecha_partida, estado, monto, dni, numero_vuelo, id_categoria) VALUES('1025', '2014-07-31', '2014-08-05', 0, 1200, '25886777', 136, 200);
INSERT INTO reserva(codigo_reserva, fecha_reserva, fecha_partida, estado, monto, dni, numero_vuelo, id_categoria) VALUES('1026', '2014-07-31', '2014-08-07', 2, 1200, '31666771', 207, 200);
INSERT INTO reserva(codigo_reserva, fecha_reserva, fecha_partida, estado, monto, dni, numero_vuelo, id_categoria) VALUES('1027', '2014-07-28', '2014-08-06', 2, 1200, '11454710', 70, 100);
INSERT INTO reserva(codigo_reserva, fecha_reserva, fecha_partida, estado, monto, dni, numero_vuelo, id_categoria) VALUES('1028', '2014-07-29', '2014-08-05', 0, 1200, '21123134', 136, 200);
INSERT INTO reserva(codigo_reserva, fecha_reserva, fecha_partida, estado, monto, dni, numero_vuelo, id_categoria) VALUES('1029', '2014-07-30', '2014-08-07', 2, 1200, '18765567', 207, 200);

INSERT INTO pago(id_pago, fecha_pago, forma_pago, numero_tarjeta, monto, codigo_reserva) VALUES(100, '2014-07-28', 'visa', '2000', 1200, '1000');
INSERT INTO pago(id_pago, fecha_pago, forma_pago, numero_tarjeta, monto, codigo_reserva) VALUES(101, '2014-07-29', 'visa', '2001', 1200, '1001');
INSERT INTO pago(id_pago, fecha_pago, forma_pago, numero_tarjeta, monto, codigo_reserva) VALUES(102, '2014-07-30', 'visa', '2002', 1200, '1002');
INSERT INTO pago(id_pago, fecha_pago, forma_pago, numero_tarjeta, monto, codigo_reserva) VALUES(103, '2014-07-31', 'visa', '2003', 1200, '1003');
INSERT INTO pago(id_pago, fecha_pago, forma_pago, numero_tarjeta, monto, codigo_reserva) VALUES(104, '2014-08-01', 'visa', '2004', 1200, '1004');
INSERT INTO pago(id_pago, fecha_pago, forma_pago, numero_tarjeta, monto, codigo_reserva) VALUES(105, '2014-08-02', 'visa', '2005', 1200, '1005');
INSERT INTO pago(id_pago, fecha_pago, forma_pago, numero_tarjeta, monto, codigo_reserva) VALUES(106, '2014-08-02', 'visa', '2006', 1200, '1006');
INSERT INTO pago(id_pago, fecha_pago, forma_pago, numero_tarjeta, monto, codigo_reserva) VALUES(107, '2014-07-29', 'mastercard', '2007', 1200, '1008');
INSERT INTO pago(id_pago, fecha_pago, forma_pago, numero_tarjeta, monto, codigo_reserva) VALUES(108, '2014-07-30', 'mastercard', '2008', 1200, '1009');
INSERT INTO pago(id_pago, fecha_pago, forma_pago, numero_tarjeta, monto, codigo_reserva) VALUES(109, '2014-07-28', 'mastercard', '2009', 1200, '1011');
INSERT INTO pago(id_pago, fecha_pago, forma_pago, numero_tarjeta, monto, codigo_reserva) VALUES(110, '2014-07-29', 'mastercard', '2010', 1200, '1012');
INSERT INTO pago(id_pago, fecha_pago, forma_pago, numero_tarjeta, monto, codigo_reserva) VALUES(111, '2014-07-29', 'mastercard', '2011', 1200, '1014'); 
INSERT INTO pago(id_pago, fecha_pago, forma_pago, numero_tarjeta, monto, codigo_reserva) VALUES(112, '2014-07-30', 'mastercard', '2012', 1200, '1015');
INSERT INTO pago(id_pago, fecha_pago, forma_pago, numero_tarjeta, monto, codigo_reserva) VALUES(113, '2014-07-28', 'mastercard', '2013', 1200, '1017');
INSERT INTO pago(id_pago, fecha_pago, forma_pago, numero_tarjeta, monto, codigo_reserva) VALUES(114, '2014-08-02', 'amex', '2014', 1200, '1018');
INSERT INTO pago(id_pago, fecha_pago, forma_pago, numero_tarjeta, monto, codigo_reserva) VALUES(115, '2014-07-28', 'amex', '2015', 1200, '1020');
INSERT INTO pago(id_pago, fecha_pago, forma_pago, numero_tarjeta, monto, codigo_reserva) VALUES(116, '2014-07-31', 'amex', '2016', 1200, '1021');
INSERT INTO pago(id_pago, fecha_pago, forma_pago, numero_tarjeta, monto, codigo_reserva) VALUES(117, '2014-07-30', 'amex', '2017', 1200, '1023'); 
INSERT INTO pago(id_pago, fecha_pago, forma_pago, numero_tarjeta, monto, codigo_reserva) VALUES(118, '2014-07-31', 'amex', '2018', 1200, '1024');
INSERT INTO pago(id_pago, fecha_pago, forma_pago, numero_tarjeta, monto, codigo_reserva) VALUES(119, '2014-07-31', 'amex', '2019', 1200, '1026');
INSERT INTO pago(id_pago, fecha_pago, forma_pago, numero_tarjeta, monto, codigo_reserva) VALUES(120, '2014-07-28', 'amex', '2020', 1200, '1027');
INSERT INTO pago(id_pago, fecha_pago, forma_pago, numero_tarjeta, monto, codigo_reserva) VALUES(121, '2014-07-30', 'amex', '2021', 1200, '1029');

INSERT INTO asiento(id_asiento, descripcion, fila, columna, numero_vuelo, id_categoria, dni) VALUES (5000, 'A', 1, 1, 70, 100, '11077811');
INSERT INTO asiento(id_asiento, descripcion, fila, columna, numero_vuelo, id_categoria, dni) VALUES (5001, 'B', 1, 2, 136, 200, '17098000');
INSERT INTO asiento(id_asiento, descripcion, fila, columna, numero_vuelo, id_categoria, dni) VALUES (5002, 'C', 1, 3, 207, 100, '16811232');
INSERT INTO asiento(id_asiento, descripcion, fila, columna, numero_vuelo, id_categoria, dni) VALUES (5003, 'D', 1, 4, 70, 200, '27377911');
INSERT INTO asiento(id_asiento, descripcion, fila, columna, numero_vuelo, id_categoria, dni) VALUES (5004, 'E', 2, 1, 136, 100, '12477811');
INSERT INTO asiento(id_asiento, descripcion, fila, columna, numero_vuelo, id_categoria, dni) VALUES (5005, 'F', 2, 2, 207, 200, '25077811');
INSERT INTO asiento(id_asiento, descripcion, fila, columna, numero_vuelo, id_categoria, dni) VALUES (5006, 'G', 2, 3, 70, 100, '31077811');
INSERT INTO asiento(id_asiento, descripcion, fila, columna, numero_vuelo, id_categoria, dni) VALUES (5007, 'H', 2, 4, 207, 100, '21077811');
INSERT INTO asiento(id_asiento, descripcion, fila, columna, numero_vuelo, id_categoria, dni) VALUES (5008, 'I', 3, 1, 70, 200, '18076112');
INSERT INTO asiento(id_asiento, descripcion, fila, columna, numero_vuelo, id_categoria, dni) VALUES (5009, 'J', 3, 2, 207, 200, '27022100');
INSERT INTO asiento(id_asiento, descripcion, fila, columna, numero_vuelo, id_categoria, dni) VALUES (5010, 'K', 3, 3, 70, 100, '26817232');
INSERT INTO asiento(id_asiento, descripcion, fila, columna, numero_vuelo, id_categoria, dni) VALUES (5011, 'L', 3, 4, 207, 100, '9477911');
INSERT INTO asiento(id_asiento, descripcion, fila, columna, numero_vuelo, id_categoria, dni) VALUES (5012, 'M', 4, 1, 70, 200, '24055811');
INSERT INTO asiento(id_asiento, descripcion, fila, columna, numero_vuelo, id_categoria, dni) VALUES (5013, 'N', 4, 2, 207, 200, '10186110');
INSERT INTO asiento(id_asiento, descripcion, fila, columna, numero_vuelo, id_categoria, dni) VALUES (5014, 'O', 4, 3, 70, 100, '22770811');
INSERT INTO asiento(id_asiento, descripcion, fila, columna, numero_vuelo, id_categoria, dni) VALUES (5015, 'P', 4, 4, 207, 200, '11555811');
INSERT INTO asiento(id_asiento, descripcion, fila, columna, numero_vuelo, id_categoria, dni) VALUES (5016, 'Q', 5, 1, 70, 100, '17120017');
INSERT INTO asiento(id_asiento, descripcion, fila, columna, numero_vuelo, id_categoria, dni) VALUES (5017, 'R', 5, 2, 207, 100, '24699901');
INSERT INTO asiento(id_asiento, descripcion, fila, columna, numero_vuelo, id_categoria, dni) VALUES (5018, 'S', 5, 3, 70, 200, '12433191');
INSERT INTO asiento(id_asiento, descripcion, fila, columna, numero_vuelo, id_categoria, dni) VALUES (5019, 'T', 5, 4, 207, 200, '31666771');
INSERT INTO asiento(id_asiento, descripcion, fila, columna, numero_vuelo, id_categoria, dni) VALUES (5020, 'U', 6, 1, 70, 100, '11454710');
INSERT INTO asiento(id_asiento, descripcion, fila, columna, numero_vuelo, id_categoria, dni) VALUES (5021, 'V', 6, 2, 207, 200, '18765567');
